series_id,metric,status,warning,expected_obs_count,actual_obs_count,count_match,rows_inserted,fred_message
LNU03000000,level,ok,,939,939,TRUE,939,
UNRATENSA,rate,ok,,939,939,TRUE,939,
CGBD16O,rate,ok,,315,315,TRUE,315,
CGBDU16O,level,ok,,315,315,TRUE,315,
CGDD16O,rate,ok,,315,315,TRUE,315,
CGDDU16O,level,ok,,315,315,TRUE,315,
HSGS16O,rate,ok,,315,315,TRUE,315,
HSGSU16O,level,ok,,315,315,TRUE,315,
LHSD16O,rate,ok,,315,315,TRUE,315,
LHSDU16O,level,ok,,315,315,TRUE,315,
CGMD16O,rate,ok,,315,315,TRUE,315,
CGMDU16O,level,ok,,315,315,TRUE,315,
CGBD16OM,rate,ok,,315,315,TRUE,315,
CGBDUM16O,level,ok,,315,315,TRUE,315,
CGDD16OM,rate,ok,,315,315,TRUE,315,
CGDDUM16O,level,ok,,315,315,TRUE,315,
HSGS16OM,rate,ok,,315,315,TRUE,315,
HSGSUM16O,level,ok,,315,315,TRUE,315,
CGMD16OM,rate,ok,,315,315,TRUE,315,
CGMDUM16O,level,ok,,315,315,TRUE,315,
CGPD16OM,rate,ok,,315,315,TRUE,315,
CGPDUM16O,level,ok,,315,315,TRUE,315,
SCAD16OM,rate,ok,,315,315,TRUE,315,
SCADUM16O,level,ok,,315,315,TRUE,315,
CGPD16O,rate,ok,,315,315,TRUE,315,
CGPDU16O,level,ok,,315,315,TRUE,315,
SCAD16O,rate,ok,,315,315,TRUE,315,
SCADU16O,level,ok,,315,315,TRUE,315,
LNU03074597,level,ok,,214,214,TRUE,214,
LNU04074597,rate,ok,,214,214,TRUE,214,
LNU03074593,level,ok,,214,214,TRUE,214,
LNU04074593,rate,ok,,214,214,TRUE,214,
CGBD16OW,rate,ok,,315,315,TRUE,315,
CGBDUW16O,level,ok,,315,315,TRUE,315,
CGDD16OW,rate,ok,,315,315,TRUE,315,
CGDDUW16O,level,ok,,315,315,TRUE,315,
HSGS16OW,rate,ok,,315,315,TRUE,315,
HSGSUW16O,level,ok,,315,315,TRUE,315,
LHSD16OW,rate,ok,,315,315,TRUE,315,
LHSDUW16O,level,ok,,315,315,TRUE,315,
CGMD16OW,rate,ok,,315,315,TRUE,315,
CGMDUW16O,level,ok,,315,315,TRUE,315,
CGPD16OW,rate,ok,,315,315,TRUE,315,
CGPDUW16O,level,ok,,315,315,TRUE,315,
SCAD16OW,rate,ok,,315,315,TRUE,315,
SCADUW16O,level,ok,,315,315,TRUE,315,
LNU04049526,rate,ok,,315,315,TRUE,315,
LNU04049527,rate,ok,,315,315,TRUE,315,
LNU03049602,level,ok,,315,315,TRUE,315,
LNU04049602,rate,ok,,315,315,TRUE,315,
LNU03049527,level,ok,,315,315,TRUE,315,
LNU03066420,level,ok,,211,211,TRUE,211,
LNU04066420,rate,ok,,211,211,TRUE,211,
LNU03066413,level,ok,,243,243,TRUE,243,
LNU04066413,rate,ok,,243,243,TRUE,243,
LNU03049587,level,ok,,239,239,TRUE,239,
LNU04049587,rate,ok,,239,239,TRUE,239,
LNU03073765,level,ok,,211,211,TRUE,211,
LNU04073765,rate,ok,,211,211,TRUE,211,
LNU03049601,level,ok,,315,315,TRUE,315,
LNU04049601,rate,ok,,315,315,TRUE,315,
LNU03049526,level,ok,,315,315,TRUE,315,
LNU03066415,level,ok,,211,211,TRUE,211,
LNU04066415,rate,ok,,211,211,TRUE,211,
LNU03049586,level,ok,,239,239,TRUE,239,
LNU04049586,rate,ok,,239,239,TRUE,239,
LNU03077884,level,ok,,211,211,TRUE,211,
LNU04077884,rate,ok,,211,211,TRUE,211,
LNU04049528,rate,ok,,315,315,TRUE,315,
LNU03049603,level,ok,,315,315,TRUE,315,
LNU04049603,rate,ok,,315,315,TRUE,315,
LNU03049528,level,ok,,315,315,TRUE,315,
LNU03066421,level,ok,,211,211,TRUE,211,
LNU04066421,rate,ok,,211,211,TRUE,211,
LNU03066414,level,ok,,243,243,TRUE,243,
LNU04066414,rate,ok,,243,243,TRUE,243,
LNU03049588,level,ok,,239,239,TRUE,239,
LNU04049588,rate,ok,,239,239,TRUE,239,
LNU03073766,level,ok,,211,211,TRUE,211,
LNU04073766,rate,ok,,128,128,TRUE,128,
TOTLU1617,level,ok,,315,315,TRUE,315,
TOTLUM1617,level,ok,,315,315,TRUE,315,
LNU03000031,level,ok,,651,651,TRUE,651,
LNU04000031,rate,ok,,651,651,TRUE,651,
LNU03000034,level,ok,,598,598,TRUE,598,
LNU04000034,rate,ok,,598,598,TRUE,598,
LNU03000028,level,ok,,867,867,TRUE,867,
LNU04000028,rate,ok,,867,867,TRUE,867,
TOTLUW1617,level,ok,,315,315,TRUE,315,
LNU03000032,level,ok,,651,651,TRUE,651,
LNU04000032,rate,ok,,651,651,TRUE,651,
LNU03000035,level,ok,,598,598,TRUE,598,
LNU04000035,rate,ok,,598,598,TRUE,598,
LNU03000029,level,ok,,867,867,TRUE,867,
LNU04000029,rate,ok,,867,867,TRUE,867,
TOTLU1819,level,ok,,315,315,TRUE,315,
TOTLUM1819,level,ok,,315,315,TRUE,315,
TOTLUW1819,level,ok,,315,315,TRUE,315,
TOTLUM2024,level,ok,,315,315,TRUE,315,
TOTLUW2024,level,ok,,315,315,TRUE,315,
CGBD65O,rate,ok,,315,315,TRUE,315,
CGBDU65O,level,ok,,315,315,TRUE,315,
CGDD65O,rate,ok,,314,314,TRUE,314,
CGDDU65O,level,ok,,314,314,TRUE,314,
HSGS65O,rate,ok,,315,315,TRUE,315,
HSGSU65O,level,ok,,315,315,TRUE,315,
LHSD65O,rate,ok,,315,315,TRUE,315,
LHSDU65O,level,ok,,315,315,TRUE,315,
CGMD65O,rate,ok,,315,315,TRUE,315,
CGMDU65O,level,ok,,315,315,TRUE,315,
CGBD65OM,rate,ok,,315,315,TRUE,315,
CGBDUM65O,level,ok,,315,315,TRUE,315,
CGDD65OM,rate,ok,,314,314,TRUE,314,
CGDDUM65O,level,ok,,314,314,TRUE,314,
HSGS65OM,rate,ok,,315,315,TRUE,315,
HSGSUM65O,level,ok,,315,315,TRUE,315,
LHSD65OM,rate,ok,,315,315,TRUE,315,
LHSDUM65O,level,ok,,315,315,TRUE,315,
CGMD65OM,rate,ok,,315,315,TRUE,315,
CGMDUM65O,level,ok,,315,315,TRUE,315,
CGPD65OM,rate,ok,,315,315,TRUE,315,
CGPDUM65O,level,ok,,315,315,TRUE,315,
SCAD65OM,rate,ok,,315,315,TRUE,315,
SCADUM65O,level,ok,,315,315,TRUE,315,
CGPD65O,rate,ok,,315,315,TRUE,315,
CGPDU65O,level,ok,,315,315,TRUE,315,
SCAD65O,rate,ok,,315,315,TRUE,315,
SCADU65O,level,ok,,315,315,TRUE,315,
LNU03075600,level,ok,,214,214,TRUE,214,
LNU04075600,rate,ok,,214,214,TRUE,214,
LNU03075379,level,ok,,214,214,TRUE,214,
LNU04075379,rate,ok,,214,214,TRUE,214,
LNU03000036,level,ok,,939,939,TRUE,939,
TOTLU2534,level,ok,,315,315,TRUE,315,
CGBD65OW,rate,ok,,315,315,TRUE,315,
CGBDUW65O,level,ok,,315,315,TRUE,315,
CGDD65OW,rate,ok,,281,281,TRUE,281,
CGDDUW65O,level,ok,,281,281,TRUE,281,
HSGS65OW,rate,ok,,315,315,TRUE,315,
HSGSUW65O,level,ok,,315,315,TRUE,315,
LHSD65OW,rate,ok,,315,315,TRUE,315,
LHSDUW65O,level,ok,,315,315,TRUE,315,
CGMD65OW,rate,ok,,315,315,TRUE,315,
CGMDUW65O,level,ok,,315,315,TRUE,315,
CGPD65OW,rate,ok,,312,312,TRUE,312,
CGPDUW65O,level,ok,,312,312,TRUE,312,
SCAD65OW,rate,ok,,315,315,TRUE,315,
SCADUW65O,level,ok,,315,315,TRUE,315,
TOTLUM2534,level,ok,,315,315,TRUE,315,
TOTLUW2534,level,ok,,315,315,TRUE,315,
CGBD1617,rate,ok,,283,283,TRUE,283,
CGBDU1617,level,ok,,283,283,TRUE,283,
HSGS1617,rate,ok,,315,315,TRUE,315,
HSGSU1617,level,ok,,315,315,TRUE,315,
LHSD1617,rate,ok,,315,315,TRUE,315,
LHSDU1617,level,ok,,315,315,TRUE,315,
CGMD1617,rate,ok,,205,205,TRUE,205,
CGMDU1617,level,ok,,205,205,TRUE,205,
TOTLU3544,level,ok,,315,315,TRUE,315,
TOTLUM3544,level,ok,,315,315,TRUE,315,
CGBD1617M,rate,ok,,225,225,TRUE,225,
CGBDUM1617,level,ok,,225,225,TRUE,225,
HSGS1617M,rate,ok,,315,315,TRUE,315,
HSGSUM1617,level,ok,,315,315,TRUE,315,
LHSD1617M,rate,ok,,315,315,TRUE,315,
LHSDUM1617,level,ok,,315,315,TRUE,315,
CGMD1617M,rate,ok,,205,205,TRUE,205,
CGMDUM1617,level,ok,,205,205,TRUE,205,
CGPD1617M,rate,ok,,173,173,TRUE,173,
CGPDUM1617,level,ok,,148,148,TRUE,148,
SCAD1617M,rate,ok,,295,295,TRUE,295,
SCADUM1617,level,ok,,295,295,TRUE,295,
CGPD1617,rate,ok,,173,173,TRUE,173,
CGPDU1617,level,ok,,148,148,TRUE,148,
SCAD1617,rate,ok,,313,313,TRUE,313,
SCADU1617,level,ok,,313,313,TRUE,313,
TOTLUW3544,level,ok,,315,315,TRUE,315,
TOTLU4554,level,ok,,315,315,TRUE,315,
CGBD1617W,rate,ok,,277,277,TRUE,277,
CGBDUW1617,level,ok,,277,277,TRUE,277,
HSGS1617W,rate,ok,,315,315,TRUE,315,
HSGSUW1617,level,ok,,315,315,TRUE,315,
LHSD1617W,rate,ok,,315,315,TRUE,315,
LHSDUW1617,level,ok,,315,315,TRUE,315,
SCAD1617W,rate,ok,,310,310,TRUE,310,
SCADUW1617,level,ok,,310,310,TRUE,310,
TOTLUM4554,level,ok,,315,315,TRUE,315,
TOTLUW4554,level,ok,,315,315,TRUE,315,
LNU03000018,level,ok,,651,651,TRUE,651,
LNU04000018,rate,ok,,651,651,TRUE,651,
CGMD1617W,rate,ok,,167,167,TRUE,167,
LNU03000021,level,ok,,598,598,TRUE,598,
LNU04000021,rate,ok,,598,598,TRUE,598,
CGMDLW1617,labor_force,ok,,289,289,TRUE,289,
LNU03000015,level,ok,,867,867,TRUE,867,
LNU04000015,rate,ok,,867,867,TRUE,867,
LNU03076955,level,ok,,214,214,TRUE,214,
LNU04076955,rate,ok,,214,214,TRUE,214,
LNU03076940,level,ok,,214,214,TRUE,214,
LNU04076940,rate,ok,,214,214,TRUE,214,
LNU03076960,level,ok,,214,214,TRUE,214,
LNU04076960,rate,ok,,214,214,TRUE,214,
LNU03076945,level,ok,,214,214,TRUE,214,
LNU04076945,rate,ok,,214,214,TRUE,214,
TOTLU5564,level,ok,,315,315,TRUE,315,
TOTLUM5564,level,ok,,315,315,TRUE,315,
CGBD1819,rate,ok,,280,280,TRUE,280,
CGBDU1819,level,ok,,280,280,TRUE,280,
HSGS1819,rate,ok,,315,315,TRUE,315,
HSGSU1819,level,ok,,315,315,TRUE,315,
LHSD1819,rate,ok,,315,315,TRUE,315,
LHSDU1819,level,ok,,315,315,TRUE,315,
CGMD1819,rate,ok,,172,172,TRUE,172,
CGMDU1819,level,ok,,158,158,TRUE,158,
TOTLUW5564,level,ok,,315,315,TRUE,315,
TOTLU65O,level,ok,,315,315,TRUE,315,
CGBD1819M,rate,ok,,257,257,TRUE,257,
CGBDUM1819,level,ok,,257,257,TRUE,257,
HSGS1819M,rate,ok,,315,315,TRUE,315,
HSGSUM1819,level,ok,,315,315,TRUE,315,
LHSD1819M,rate,ok,,315,315,TRUE,315,
LHSDUM1819,level,ok,,315,315,TRUE,315,
CGMD1819M,rate,ok,,90,90,TRUE,90,
CGMDUM1819,level,ok,,59,59,TRUE,59,
CGPD1819M,rate,ok,,140,140,TRUE,140,
CGPDUM1819,level,ok,,1,1,TRUE,1,
SCAD1819M,rate,ok,,315,315,TRUE,315,
SCADUM1819,level,ok,,315,315,TRUE,315,
CGPD1819,rate,ok,,140,140,TRUE,140,
CGPDU1819,level,ok,,128,128,TRUE,128,
SCAD1819,rate,ok,,315,315,TRUE,315,
SCADU1819,level,ok,,315,315,TRUE,315,
TOTLUM65O,level,ok,,315,315,TRUE,315,
TOTLUW65O,level,ok,,315,315,TRUE,315,
CGBD1819W,rate,ok,,280,280,TRUE,280,
CGBDUW1819,level,ok,,280,280,TRUE,280,
HSGS1819W,rate,ok,,315,315,TRUE,315,
HSGSUW1819,level,ok,,315,315,TRUE,315,
LHSD1819W,rate,ok,,315,315,TRUE,315,
LHSDUW1819,level,ok,,315,315,TRUE,315,
CGMD1819W,rate,ok,,172,172,TRUE,172,
CGMDUW1819,level,ok,,158,158,TRUE,158,
CGPD1819W,rate,ok,,120,120,TRUE,120,
CGPDUW1819,level,ok,,108,108,TRUE,108,
SCAD1819W,rate,ok,,315,315,TRUE,315,
SCADUW1819,level,ok,,315,315,TRUE,315,
LNU04000086,rate,ok,,939,939,TRUE,939,
LNU04000152,rate,ok,,939,939,TRUE,939,
CGBD2024,rate,ok,,315,315,TRUE,315,
CGBDU2024,level,ok,,315,315,TRUE,315,
CGDD2024,rate,ok,,303,303,TRUE,303,
CGDDU2024,level,ok,,303,303,TRUE,303,
HSGS2024,rate,ok,,315,315,TRUE,315,
HSGSU2024,level,ok,,315,315,TRUE,315,
LHSD2024,rate,ok,,315,315,TRUE,315,
LHSDU2024,level,ok,,315,315,TRUE,315,
CGMD2024,rate,ok,,315,315,TRUE,315,
CGMDU2024,level,ok,,315,315,TRUE,315,
LNU04000317,rate,ok,,939,939,TRUE,939,
CGBD2024M,rate,ok,,315,315,TRUE,315,
CGBDUM2024,level,ok,,315,315,TRUE,315,
CGDD2024M,rate,ok,,265,265,TRUE,265,
CGDDUM2024,level,ok,,265,265,TRUE,265,
HSGS2024M,rate,ok,,315,315,TRUE,315,
HSGSUM2024,level,ok,,315,315,TRUE,315,
LHSD2024M,rate,ok,,315,315,TRUE,315,
LHSDUM2024,level,ok,,315,315,TRUE,315,
CGMD2024M,rate,ok,,314,314,TRUE,314,
CGMDUM2024,level,ok,,314,314,TRUE,314,
CGPD2024M,rate,ok,,297,297,TRUE,297,
CGPDUM2024,level,ok,,297,297,TRUE,297,
SCAD2024M,rate,ok,,315,315,TRUE,315,
SCADUM2024,level,ok,,315,315,TRUE,315,
CGPD2024,rate,ok,,300,300,TRUE,300,
CGPDU2024,level,ok,,300,300,TRUE,300,
SCAD2024,rate,ok,,315,315,TRUE,315,
SCADU2024,level,ok,,315,315,TRUE,315,
LNU04000088,rate,ok,,939,939,TRUE,939,
LNU04000154,rate,ok,,939,939,TRUE,939,
CGBD2024W,rate,ok,,315,315,TRUE,315,
CGBDUW2024,level,ok,,315,315,TRUE,315,
CGDD2024W,rate,ok,,288,288,TRUE,288,
CGDDUW2024,level,ok,,288,288,TRUE,288,
HSGS2024W,rate,ok,,315,315,TRUE,315,
HSGSUW2024,level,ok,,315,315,TRUE,315,
LHSD2024W,rate,ok,,315,315,TRUE,315,
LHSDUW2024,level,ok,,315,315,TRUE,315,
CGMD2024W,rate,ok,,315,315,TRUE,315,
CGMDUW2024,level,ok,,315,315,TRUE,315,
CGPD2024W,rate,ok,,286,286,TRUE,286,
CGPDUW2024,level,ok,,286,286,TRUE,286,
SCAD2024W,rate,ok,,315,315,TRUE,315,
SCADUW2024,level,ok,,315,315,TRUE,315,
LNU04000319,rate,ok,,939,939,TRUE,939,
CGBD2534,rate,ok,,315,315,TRUE,315,
CGBDU2534,level,ok,,315,315,TRUE,315,
CGDD2534,rate,ok,,315,315,TRUE,315,
CGDDU2534,level,ok,,315,315,TRUE,315,
HSGS2534,rate,ok,,315,315,TRUE,315,
HSGSU2534,level,ok,,315,315,TRUE,315,
LHSD2534,rate,ok,,315,315,TRUE,315,
LHSDU2534,level,ok,,315,315,TRUE,315,
CGMD2534,rate,ok,,315,315,TRUE,315,
CGMDU2534,level,ok,,315,315,TRUE,315,
LNU04000036,rate,ok,,939,939,TRUE,939,
CGBD2534M,rate,ok,,315,315,TRUE,315,
CGBDUM2534,level,ok,,315,315,TRUE,315,
CGDD2534M,rate,ok,,312,312,TRUE,312,
CGDDUM2534,level,ok,,312,312,TRUE,312,
HSGS2534M,rate,ok,,315,315,TRUE,315,
HSGSUM2534,level,ok,,315,315,TRUE,315,
LHSD2534M,rate,ok,,315,315,TRUE,315,
LHSDUM2534,level,ok,,315,315,TRUE,315,
CGMD2534M,rate,ok,,315,315,TRUE,315,
CGMDUM2534,level,ok,,315,315,TRUE,315,
CGPD2534M,rate,ok,,313,313,TRUE,313,
CGPDUM2534,level,ok,,313,313,TRUE,313,
SCAD2534M,rate,ok,,315,315,TRUE,315,
SCADUM2534,level,ok,,315,315,TRUE,315,
CGPD2534,rate,ok,,315,315,TRUE,315,
CGPDU2534,level,ok,,315,315,TRUE,315,
SCAD2534,rate,ok,,315,315,TRUE,315,
SCADU2534,level,ok,,315,315,TRUE,315,
LNU04000037,rate,ok,,939,939,TRUE,939,
LNU04000038,rate,ok,,939,939,TRUE,939,
CGBD2534W,rate,ok,,315,315,TRUE,315,
CGBDUW2534,level,ok,,315,315,TRUE,315,
CGDD2534W,rate,ok,,315,315,TRUE,315,
CGDDUW2534,level,ok,,315,315,TRUE,315,
HSGS2534W,rate,ok,,315,315,TRUE,315,
HSGSUW2534,level,ok,,315,315,TRUE,315,
LHSD2534W,rate,ok,,315,315,TRUE,315,
LHSDUW2534,level,ok,,315,315,TRUE,315,
CGMD2534W,rate,ok,,315,315,TRUE,315,
CGMDUW2534,level,ok,,315,315,TRUE,315,
CGPD2534W,rate,ok,,314,314,TRUE,314,
CGPDUW2534,level,ok,,314,314,TRUE,314,
SCAD2534W,rate,ok,,315,315,TRUE,315,
SCADUW2534,level,ok,,315,315,TRUE,315,
CGBD3544,rate,ok,,315,315,TRUE,315,
CGBDU3544,level,ok,,315,315,TRUE,315,
CGDD3544,rate,ok,,315,315,TRUE,315,
CGDDU3544,level,ok,,315,315,TRUE,315,
HSGS3544,rate,ok,,315,315,TRUE,315,
HSGSU3544,level,ok,,315,315,TRUE,315,
LHSD3544,rate,ok,,315,315,TRUE,315,
LHSDU3544,level,ok,,315,315,TRUE,315,
CGMD3544,rate,ok,,315,315,TRUE,315,
CGMDU3544,level,ok,,315,315,TRUE,315,
LNU04000089,rate,ok,,939,939,TRUE,939,
CGBD3544M,rate,ok,,315,315,TRUE,315,
CGBDUM3544,level,ok,,315,315,TRUE,315,
CGDD3544M,rate,ok,,315,315,TRUE,315,
CGDDUM3544,level,ok,,315,315,TRUE,315,
HSGS3544M,rate,ok,,315,315,TRUE,315,
HSGSUM3544,level,ok,,315,315,TRUE,315,
LHSD3544M,rate,ok,,315,315,TRUE,315,
LHSDUM3544,level,ok,,315,315,TRUE,315,
CGMD3544M,rate,ok,,315,315,TRUE,315,
CGMDUM3544,level,ok,,315,315,TRUE,315,
CGPD3544M,rate,ok,,315,315,TRUE,315,
CGPDUM3544,level,ok,,315,315,TRUE,315,
SCAD3544M,rate,ok,,315,315,TRUE,315,
SCADUM3544,level,ok,,315,315,TRUE,315,
CGPD3544,rate,ok,,315,315,TRUE,315,
CGPDU3544,level,ok,,315,315,TRUE,315,
SCAD3544,rate,ok,,315,315,TRUE,315,
SCADU3544,level,ok,,315,315,TRUE,315,
LNU04000164,rate,ok,,939,939,TRUE,939,
LNU04000327,rate,ok,,939,939,TRUE,939,
CGBD3544W,rate,ok,,315,315,TRUE,315,
CGBDUW3544,level,ok,,315,315,TRUE,315,
CGDD3544W,rate,ok,,315,315,TRUE,315,
CGDDUW3544,level,ok,,315,315,TRUE,315,
HSGS3544W,rate,ok,,315,315,TRUE,315,
HSGSUW3544,level,ok,,315,315,TRUE,315,
LHSD3544W,rate,ok,,315,315,TRUE,315,
LHSDUW3544,level,ok,,315,315,TRUE,315,
CGMD3544W,rate,ok,,315,315,TRUE,315,
CGMDUW3544,level,ok,,315,315,TRUE,315,
CGPD3544W,rate,ok,,315,315,TRUE,315,
CGPDUW3544,level,ok,,315,315,TRUE,315,
SCAD3544W,rate,ok,,315,315,TRUE,315,
SCADUW3544,level,ok,,315,315,TRUE,315,
LNU04000091,rate,ok,,939,939,TRUE,939,
LNU04000173,rate,ok,,939,939,TRUE,939,
CGBD4554,rate,ok,,315,315,TRUE,315,
CGBDU4554,level,ok,,315,315,TRUE,315,
CGDD4554,rate,ok,,315,315,TRUE,315,
CGDDU4554,level,ok,,315,315,TRUE,315,
HSGS4554,rate,ok,,315,315,TRUE,315,
HSGSU4554,level,ok,,315,315,TRUE,315,
LHSD4554,rate,ok,,315,315,TRUE,315,
LHSDU4554,level,ok,,315,315,TRUE,315,
CGMD4554,rate,ok,,315,315,TRUE,315,
CGMDU4554,level,ok,,315,315,TRUE,315,
LNU04000334,rate,ok,,939,939,TRUE,939,
LNU04000093,rate,ok,,939,939,TRUE,939,
CGBD4554M,rate,ok,,315,315,TRUE,315,
CGBDUM4554,level,ok,,315,315,TRUE,315,
CGDD4554M,rate,ok,,311,311,TRUE,311,
CGDDUM4554,level,ok,,311,311,TRUE,311,
HSGS4554M,rate,ok,,315,315,TRUE,315,
HSGSUM4554,level,ok,,315,315,TRUE,315,
LHSD4554M,rate,ok,,315,315,TRUE,315,
LHSDUM4554,level,ok,,315,315,TRUE,315,
CGMD4554M,rate,ok,,315,315,TRUE,315,
CGMDUM4554,level,ok,,315,315,TRUE,315,
CGPD4554M,rate,ok,,312,312,TRUE,312,
CGPDUM4554,level,ok,,312,312,TRUE,312,
SCAD4554M,rate,ok,,315,315,TRUE,315,
SCADUM4554,level,ok,,315,315,TRUE,315,
CGPD4554,rate,ok,,313,313,TRUE,313,
CGPDU4554,level,ok,,313,313,TRUE,313,
SCAD4554,rate,ok,,315,315,TRUE,315,
SCADU4554,level,ok,,315,315,TRUE,315,
LNU04000182,rate,ok,,939,939,TRUE,939,
LNU04000341,rate,ok,,939,939,TRUE,939,
CGBD4554W,rate,ok,,315,315,TRUE,315,
CGBDUW4554,level,ok,,315,315,TRUE,315,
CGDD4554W,rate,ok,,315,315,TRUE,315,
CGDDUW4554,level,ok,,315,315,TRUE,315,
HSGS4554W,rate,ok,,315,315,TRUE,315,
HSGSUW4554,level,ok,,315,315,TRUE,315,
LHSD4554W,rate,ok,,315,315,TRUE,315,
LHSDUW4554,level,ok,,315,315,TRUE,315,
CGMD4554W,rate,ok,,315,315,TRUE,315,
CGMDUW4554,level,ok,,315,315,TRUE,315,
CGPD4554W,rate,ok,,313,313,TRUE,313,
CGPDUW4554,level,ok,,313,313,TRUE,313,
SCAD4554W,rate,ok,,315,315,TRUE,315,
SCADUW4554,level,ok,,315,315,TRUE,315,
LNU04000095,rate,ok,,939,939,TRUE,939,
LNU04000190,rate,ok,,939,939,TRUE,939,
CGBD5564,rate,ok,,315,315,TRUE,315,
CGBDU5564,level,ok,,315,315,TRUE,315,
CGDD5564,rate,ok,,315,315,TRUE,315,
CGDDU5564,level,ok,,315,315,TRUE,315,
HSGS5564,rate,ok,,315,315,TRUE,315,
HSGSU5564,level,ok,,315,315,TRUE,315,
LHSD5564,rate,ok,,315,315,TRUE,315,
LHSDU5564,level,ok,,315,315,TRUE,315,
CGMD5564,rate,ok,,315,315,TRUE,315,
CGMDU5564,level,ok,,315,315,TRUE,315,
LNU04000347,rate,ok,,939,939,TRUE,939,
LNU04000097,rate,ok,,939,939,TRUE,939,
CGBD5564M,rate,ok,,315,315,TRUE,315,
CGBDUM5564,level,ok,,315,315,TRUE,315,
CGDD5564M,rate,ok,,314,314,TRUE,314,
CGDDUM5564,level,ok,,314,314,TRUE,314,
HSGS5564M,rate,ok,,315,315,TRUE,315,
HSGSUM5564,level,ok,,315,315,TRUE,315,
LHSD5564M,rate,ok,,315,315,TRUE,315,
LHSDUM5564,level,ok,,315,315,TRUE,315,
CGMD5564M,rate,ok,,315,315,TRUE,315,
CGMDUM5564,level,ok,,315,315,TRUE,315,
CGPD5564M,rate,ok,,314,314,TRUE,314,
CGPDUM5564,level,ok,,314,314,TRUE,314,
SCAD5564M,rate,ok,,315,315,TRUE,315,
SCADUM5564,level,ok,,315,315,TRUE,315,
CGPD5564,rate,ok,,314,314,TRUE,314,
CGPDU5564,level,ok,,314,314,TRUE,314,
SCAD5564,rate,ok,,315,315,TRUE,315,
SCADU5564,level,ok,,315,315,TRUE,315,
LNU04000199,rate,ok,,939,939,TRUE,939,
LNU04000354,rate,ok,,939,939,TRUE,939,
CGBD5564W,rate,ok,,315,315,TRUE,315,
CGBDUW5564,level,ok,,315,315,TRUE,315,
CGDD5564W,rate,ok,,310,310,TRUE,310,
CGDDUW5564,level,ok,,310,310,TRUE,310,
HSGS5564W,rate,ok,,315,315,TRUE,315,
HSGSUW5564,level,ok,,315,315,TRUE,315,
LHSD5564W,rate,ok,,315,315,TRUE,315,
LHSDUW5564,level,ok,,315,315,TRUE,315,
CGMD5564W,rate,ok,,315,315,TRUE,315,
CGMDUW5564,level,ok,,315,315,TRUE,315,
CGPD5564W,rate,ok,,300,300,TRUE,300,
CGPDUW5564,level,ok,,300,300,TRUE,300,
SCAD5564W,rate,ok,,315,315,TRUE,315,
SCADUW5564,level,ok,,315,315,TRUE,315,
LNU03035109,level,ok,,315,315,TRUE,315,
LNU04035109,rate,ok,,315,315,TRUE,315,
LNU03028615,level,ok,,598,598,TRUE,598,
LNU04028615,rate,ok,,598,598,TRUE,598,
LNU03035181,level,ok,,598,598,TRUE,598,
LNU04035181,rate,ok,,315,315,TRUE,315,
LNU03032183,level,ok,,315,315,TRUE,315,
LNU04032183,rate,ok,,315,315,TRUE,315,
LNU03000006,level,ok,,651,651,TRUE,651,
LNU04000006,rate,ok,,651,651,TRUE,651,
LNU03073395,level,ok,,231,231,TRUE,231,
LNU04073395,rate,ok,,231,231,TRUE,231,
LNU03000009,level,ok,,637,637,TRUE,637,
LNU04000009,rate,ok,,637,637,TRUE,637,
LNU03032215,level,ok,,315,315,TRUE,315,
LNU04032215,rate,ok,,315,315,TRUE,315,
LNU03000001,level,ok,,939,939,TRUE,939,
LNU04000001,rate,ok,,939,939,TRUE,939,
LNU03073396,level,ok,,231,231,TRUE,231,
LNU04073396,rate,ok,,231,231,TRUE,231,
LNU03073414,level,ok,,231,231,TRUE,231,
LNU04073414,rate,ok,,231,231,TRUE,231,
LNU03073413,level,ok,,231,231,TRUE,231,
LNU04073413,rate,ok,,231,231,TRUE,231,
LNU03032222,level,ok,,315,315,TRUE,315,
LNU04032222,rate,ok,,315,315,TRUE,315,
LNU03032229,level,ok,,939,939,TRUE,939,
LNU04032229,rate,ok,,939,939,TRUE,939,
LNU03032226,level,ok,,315,315,TRUE,315,
LNU04032226,rate,ok,,315,315,TRUE,315,
LNU03032219,level,ok,,315,315,TRUE,315,
LNU04032219,rate,ok,,315,315,TRUE,315,
LNU03032218,level,ok,,315,315,TRUE,315,
LNU04032218,rate,ok,,315,315,TRUE,315,
LNU03000003,level,ok,,867,867,TRUE,867,
LNU04000003,rate,ok,,867,867,TRUE,867,
LNU03000002,level,ok,,939,939,TRUE,939,
LNU04000002,rate,ok,,939,939,TRUE,939,
LNU03073397,level,ok,,231,231,TRUE,231,
LNU04073397,rate,ok,,231,231,TRUE,231,
LNU03073415,level,ok,,231,231,TRUE,231,
LNU04073415,rate,ok,,231,231,TRUE,231,
